feature,feature_type,mean_abs_shap,mean_shap,spearman_feature_value_vs_shap,interpretation_for_y
RDKit2D_PEOE_VSA1,RDKit2D,0.04949548,0.021775436,0.3794468642404155,"Higher feature value tends to increase predicted y, indicating higher toxicity / lower LD50"
RDKit2D_SMR_VSA6,RDKit2D,0.042611778,-0.01023004,0.7767970151805851,"Higher feature value tends to increase predicted y, indicating higher toxicity / lower LD50"
RDKit2D_Chi2n,RDKit2D,0.041509565,0.027753985,0.7590799868132363,"Higher feature value tends to increase predicted y, indicating higher toxicity / lower LD50"
RDKit2D_BCUT2D_MRLOW,RDKit2D,0.0372365,0.0010935282,-0.00035897995052106333,"Higher feature value tends to decrease predicted y, indicating lower toxicity / higher LD50"
RDKit2D_MolLogP,RDKit2D,0.034720637,-0.018574433,0.7637553523769947,"Higher feature value tends to increase predicted y, indicating higher toxicity / lower LD50"
RDKit2D_NumAtomStereoCenters,RDKit2D,0.03312249,0.02796153,0.7539181673745321,"Higher feature value tends to increase predicted y, indicating higher toxicity / lower LD50"
RDKit2D_Chi3n,RDKit2D,0.03255003,0.02118339,0.7980011113829818,"Higher feature value tends to increase predicted y, indicating higher toxicity / lower LD50"
RDKit2D_Chi4n,RDKit2D,0.028939132,0.014856977,0.7012378064679744,"Higher feature value tends to increase predicted y, indicating higher toxicity / lower LD50"
RDKit2D_BCUT2D_LOGPHI,RDKit2D,0.028304502,0.017328674,0.5914155977063171,"Higher feature value tends to increase predicted y, indicating higher toxicity / lower LD50"
RDKit2D_NumAliphaticRings,RDKit2D,0.028077379,0.020177491,0.7111218278569101,"Higher feature value tends to increase predicted y, indicating higher toxicity / lower LD50"
RDKit2D_EState_VSA8,RDKit2D,0.021360269,-0.005292967,0.8416050130544998,"Higher feature value tends to increase predicted y, indicating higher toxicity / lower LD50"
RDKit2D_fr_bicyclic,RDKit2D,0.018774934,0.008160865,0.5774740183767507,"Higher feature value tends to increase predicted y, indicating higher toxicity / lower LD50"
RDKit2D_NumAliphaticHeterocycles,RDKit2D,0.01614008,0.0089251455,0.626636271455805,"Higher feature value tends to increase predicted y, indicating higher toxicity / lower LD50"
RDKit2D_SlogP_VSA2,RDKit2D,0.016132116,-0.0021641147,0.694606799743798,"Higher feature value tends to increase predicted y, indicating higher toxicity / lower LD50"
RDKit2D_fr_alkyl_halide,RDKit2D,0.015317555,-0.00028031712,0.40180755336710994,"Higher feature value tends to increase predicted y, indicating higher toxicity / lower LD50"
RDKit2D_SMR_VSA5,RDKit2D,0.015245171,0.006923679,0.6336053392317047,"Higher feature value tends to increase predicted y, indicating higher toxicity / lower LD50"
RDKit2D_VSA_EState9,RDKit2D,0.01388579,0.0014165762,0.6657977222493777,"Higher feature value tends to increase predicted y, indicating higher toxicity / lower LD50"
RDKit2D_fr_C_O,RDKit2D,0.012077631,-0.002337858,-0.7662964257869757,"Higher feature value tends to decrease predicted y, indicating lower toxicity / higher LD50"
RDKit2D_FractionCSP3,RDKit2D,0.011557662,0.0029418867,-0.1253404577367472,"Higher feature value tends to decrease predicted y, indicating lower toxicity / higher LD50"
RDKit2D_MaxPartialCharge,RDKit2D,0.010872822,0.0019228213,-0.3772179709828044,"Higher feature value tends to decrease predicted y, indicating lower toxicity / higher LD50"
RDKit2D_MinPartialCharge,RDKit2D,0.010246716,-0.002812013,0.6641602194066645,"Higher feature value tends to increase predicted y, indicating higher toxicity / lower LD50"
RDKit2D_SMR_VSA1,RDKit2D,0.010049873,-0.0041792435,-0.6622573666572303,"Higher feature value tends to decrease predicted y, indicating lower toxicity / higher LD50"
RDKit2D_SMR_VSA3,RDKit2D,0.009709225,-0.0052420422,0.7356248109222071,"Higher feature value tends to increase predicted y, indicating higher toxicity / lower LD50"
RDKit2D_AvgIpc,RDKit2D,0.009399681,0.0005955974,0.5372358690119643,"Higher feature value tends to increase predicted y, indicating higher toxicity / lower LD50"
RDKit2D_BCUT2D_CHGHI,RDKit2D,0.009315663,0.0043058046,0.04779566516986123,"Higher feature value tends to increase predicted y, indicating higher toxicity / lower LD50"
RDKit2D_SlogP_VSA5,RDKit2D,0.009026746,4.579022e-05,0.041231306416023676,"Higher feature value tends to increase predicted y, indicating higher toxicity / lower LD50"
RDKit2D_HallKierAlpha,RDKit2D,0.008864977,0.0030977163,0.4676860670885747,"Higher feature value tends to increase predicted y, indicating higher toxicity / lower LD50"
RDKit2D_BertzCT,RDKit2D,0.008806206,-0.00231297,-0.07622605448156251,"Higher feature value tends to decrease predicted y, indicating lower toxicity / higher LD50"
RDKit2D_BCUT2D_MRHI,RDKit2D,0.008729837,-0.0021123858,0.37567498275071165,"Higher feature value tends to increase predicted y, indicating higher toxicity / lower LD50"
RDKit2D_BCUT2D_MWLOW,RDKit2D,0.008610473,0.0026696727,-0.6054532174519487,"Higher feature value tends to decrease predicted y, indicating lower toxicity / higher LD50"
RDKit2D_VSA_EState4,RDKit2D,0.008456967,0.0022272044,0.20576746188572673,"Higher feature value tends to increase predicted y, indicating higher toxicity / lower LD50"
RDKit2D_MinAbsPartialCharge,RDKit2D,0.008275547,0.0003310425,-0.6157478214972973,"Higher feature value tends to decrease predicted y, indicating lower toxicity / higher LD50"
RDKit2D_VSA_EState7,RDKit2D,0.008269036,0.0021304726,0.51673952445758,"Higher feature value tends to increase predicted y, indicating higher toxicity / lower LD50"
RDKit2D_BCUT2D_LOGPLOW,RDKit2D,0.008259338,0.00038069644,-0.14465633226436694,"Higher feature value tends to decrease predicted y, indicating lower toxicity / higher LD50"
RDKit2D_NumAmideBonds,RDKit2D,0.008070397,0.0014107355,-0.6730645467264372,"Higher feature value tends to decrease predicted y, indicating lower toxicity / higher LD50"
RDKit2D_VSA_EState2,RDKit2D,0.008019416,-0.0020924602,-0.2555781293853364,"Higher feature value tends to decrease predicted y, indicating lower toxicity / higher LD50"
RDKit2D_Chi3v,RDKit2D,0.0078042466,-0.0013045595,0.6696303611076767,"Higher feature value tends to increase predicted y, indicating higher toxicity / lower LD50"
RDKit2D_SMR_VSA7,RDKit2D,0.007729617,-0.001662505,0.6804754918655349,"Higher feature value tends to increase predicted y, indicating higher toxicity / lower LD50"
RDKit2D_Phi,RDKit2D,0.007620058,-0.00069945166,0.7595068437953065,"Higher feature value tends to increase predicted y, indicating higher toxicity / lower LD50"
RDKit2D_qed,RDKit2D,0.0076043312,0.002280318,-0.6472478422026844,"Higher feature value tends to decrease predicted y, indicating lower toxicity / higher LD50"
RDKit2D_PEOE_VSA7,RDKit2D,0.0073552346,-0.00061423844,0.7242128215134485,"Higher feature value tends to increase predicted y, indicating higher toxicity / lower LD50"
RDKit2D_BalabanJ,RDKit2D,0.0072725057,0.0017776338,0.41917381435938234,"Higher feature value tends to increase predicted y, indicating higher toxicity / lower LD50"
RDKit2D_BCUT2D_MWHI,RDKit2D,0.00710354,-0.00044968823,0.058160962992275966,"Higher feature value tends to increase predicted y, indicating higher toxicity / lower LD50"
RDKit2D_PEOE_VSA9,RDKit2D,0.0069074277,-0.0010169193,-0.22355174872784883,"Higher feature value tends to decrease predicted y, indicating lower toxicity / higher LD50"
RDKit2D_VSA_EState8,RDKit2D,0.00689776,-0.00062803505,0.49936033208743424,"Higher feature value tends to increase predicted y, indicating higher toxicity / lower LD50"
RDKit2D_BCUT2D_CHGLO,RDKit2D,0.0068670847,-0.00077246263,0.7009417680486635,"Higher feature value tends to increase predicted y, indicating higher toxicity / lower LD50"
RDKit2D_SMR_VSA10,RDKit2D,0.0067156297,-0.0002354465,0.31342170523243107,"Higher feature value tends to increase predicted y, indicating higher toxicity / lower LD50"
RDKit2D_NumRotatableBonds,RDKit2D,0.0064588957,-0.00053932646,0.5043709313490461,"Higher feature value tends to increase predicted y, indicating higher toxicity / lower LD50"
RDKit2D_FpDensityMorgan1,RDKit2D,0.006316951,-0.00060133217,-0.045822771686013716,"Higher feature value tends to decrease predicted y, indicating lower toxicity / higher LD50"
RDKit2D_HeavyAtomMolWt,RDKit2D,0.006313333,-0.0032493554,0.4065029253989304,"Higher feature value tends to increase predicted y, indicating higher toxicity / lower LD50"
RDKit2D_NumBridgeheadAtoms,RDKit2D,0.0060904217,0.003245642,0.5744655019449654,"Higher feature value tends to increase predicted y, indicating higher toxicity / lower LD50"
RDKit2D_EState_VSA4,RDKit2D,0.0059849243,-0.0011715998,0.48581492793220915,"Higher feature value tends to increase predicted y, indicating higher toxicity / lower LD50"
RDKit2D_SMR_VSA2,RDKit2D,0.005910529,-0.0020815143,0.251427199426599,"Higher feature value tends to increase predicted y, indicating higher toxicity / lower LD50"
RDKit2D_PEOE_VSA11,RDKit2D,0.00590373,0.0024143888,0.7726137018381647,"Higher feature value tends to increase predicted y, indicating higher toxicity / lower LD50"
RDKit2D_PEOE_VSA6,RDKit2D,0.0057689855,0.0002463097,0.33270483091125214,"Higher feature value tends to increase predicted y, indicating higher toxicity / lower LD50"
RDKit2D_Kappa2,RDKit2D,0.005749492,-0.0012356412,0.49233257212535103,"Higher feature value tends to increase predicted y, indicating higher toxicity / lower LD50"
RDKit2D_TPSA,RDKit2D,0.005584736,-0.00082694663,-0.41016999291545675,"Higher feature value tends to decrease predicted y, indicating lower toxicity / higher LD50"
RDKit2D_MolMR,RDKit2D,0.0055374596,-0.0013150057,0.7857725347862853,"Higher feature value tends to increase predicted y, indicating higher toxicity / lower LD50"
RDKit2D_Kappa3,RDKit2D,0.005304325,0.0019432545,0.010408587458981175,"Higher feature value tends to increase predicted y, indicating higher toxicity / lower LD50"
RDKit2D_MinAbsEStateIndex,RDKit2D,0.005282256,0.00011629084,-0.14589764689165988,"Higher feature value tends to decrease predicted y, indicating lower toxicity / higher LD50"
RDKit2D_fr_NH2,RDKit2D,0.0052479766,0.00052493665,0.6755892189053033,"Higher feature value tends to increase predicted y, indicating higher toxicity / lower LD50"
RDKit2D_SPS,RDKit2D,0.0051250197,0.0014735322,0.3274966736662251,"Higher feature value tends to increase predicted y, indicating higher toxicity / lower LD50"
RDKit2D_SlogP_VSA1,RDKit2D,0.0050349976,0.00036458927,0.6804811523046912,"Higher feature value tends to increase predicted y, indicating higher toxicity / lower LD50"
RDKit2D_PEOE_VSA8,RDKit2D,0.0050029913,0.00011627808,0.3109834586121901,"Higher feature value tends to increase predicted y, indicating higher toxicity / lower LD50"
RDKit2D_NHOHCount,RDKit2D,0.0049839024,0.0021812422,0.7974416438492947,"Higher feature value tends to increase predicted y, indicating higher toxicity / lower LD50"
RDKit2D_SlogP_VSA6,RDKit2D,0.0048480197,-0.0006901132,0.5964409035927102,"Higher feature value tends to increase predicted y, indicating higher toxicity / lower LD50"
RDKit2D_VSA_EState3,RDKit2D,0.004779749,0.0006672638,0.24899829297783538,"Higher feature value tends to increase predicted y, indicating higher toxicity / lower LD50"
RDKit2D_PEOE_VSA5,RDKit2D,0.004682243,0.0014816994,-0.4056208091540951,"Higher feature value tends to decrease predicted y, indicating lower toxicity / higher LD50"
RDKit2D_LabuteASA,RDKit2D,0.004611442,-0.0006015949,0.29433145812213085,"Higher feature value tends to increase predicted y, indicating higher toxicity / lower LD50"
RDKit2D_VSA_EState1,RDKit2D,0.004590181,-0.0005366922,-0.506154205486215,"Higher feature value tends to decrease predicted y, indicating lower toxicity / higher LD50"
RDKit2D_SMR_VSA4,RDKit2D,0.004582487,0.0017840592,0.7615586207511219,"Higher feature value tends to increase predicted y, indicating higher toxicity / lower LD50"
RDKit2D_Chi4v,RDKit2D,0.0045652566,-0.0010273017,0.3878208741402381,"Higher feature value tends to increase predicted y, indicating higher toxicity / lower LD50"
RDKit2D_VSA_EState5,RDKit2D,0.0045643584,-0.000917746,0.2523772987541421,"Higher feature value tends to increase predicted y, indicating higher toxicity / lower LD50"
RDKit2D_MaxAbsPartialCharge,RDKit2D,0.0045261164,0.000555578,-0.17490183366500292,"Higher feature value tends to decrease predicted y, indicating lower toxicity / higher LD50"
RDKit2D_PEOE_VSA2,RDKit2D,0.0044788495,0.00041562776,-0.0553760601107461,"Higher feature value tends to decrease predicted y, indicating lower toxicity / higher LD50"
RDKit2D_fr_allylic_oxid,RDKit2D,0.004415045,0.0023926955,0.620609779511802,"Higher feature value tends to increase predicted y, indicating higher toxicity / lower LD50"
RDKit2D_EState_VSA3,RDKit2D,0.0044115605,2.499342e-05,0.29813751523454407,"Higher feature value tends to increase predicted y, indicating higher toxicity / lower LD50"
RDKit2D_MinEStateIndex,RDKit2D,0.0042979056,-0.00055599754,0.28702106468683886,"Higher feature value tends to increase predicted y, indicating higher toxicity / lower LD50"
RDKit2D_Chi1n,RDKit2D,0.004200972,0.0014690881,0.0727773571054806,"Higher feature value tends to increase predicted y, indicating higher toxicity / lower LD50"
RDKit2D_Kappa1,RDKit2D,0.0041905697,0.00060097466,0.4544608428663114,"Higher feature value tends to increase predicted y, indicating higher toxicity / lower LD50"
RDKit2D_NumSaturatedHeterocycles,RDKit2D,0.0041882605,0.0011814163,0.6046157904133848,"Higher feature value tends to increase predicted y, indicating higher toxicity / lower LD50"
RDKit2D_FpDensityMorgan3,RDKit2D,0.004129986,0.00012727742,0.36921929994627684,"Higher feature value tends to increase predicted y, indicating higher toxicity / lower LD50"
RDKit2D_EState_VSA6,RDKit2D,0.0041179024,-0.00025381366,0.13625475924940667,"Higher feature value tends to increase predicted y, indicating higher toxicity / lower LD50"
RDKit2D_MaxAbsEStateIndex,RDKit2D,0.004111445,0.0007735785,-0.4061096954983025,"Higher feature value tends to decrease predicted y, indicating lower toxicity / higher LD50"
RDKit2D_EState_VSA2,RDKit2D,0.0040075216,-0.00064690306,-0.3587296077766338,"Higher feature value tends to decrease predicted y, indicating lower toxicity / higher LD50"
RDKit2D_FpDensityMorgan2,RDKit2D,0.0039948346,0.0012609656,0.1912544229924462,"Higher feature value tends to increase predicted y, indicating higher toxicity / lower LD50"
RDKit2D_Chi2v,RDKit2D,0.0039575174,-0.0008788746,-0.48983544558881276,"Higher feature value tends to decrease predicted y, indicating lower toxicity / higher LD50"
RDKit2D_EState_VSA5,RDKit2D,0.003900577,-8.1190934e-05,0.44395453481090863,"Higher feature value tends to increase predicted y, indicating higher toxicity / lower LD50"
RDKit2D_EState_VSA10,RDKit2D,0.0037735826,0.0015626287,0.5370550833823539,"Higher feature value tends to increase predicted y, indicating higher toxicity / lower LD50"
RDKit2D_NumHeterocycles,RDKit2D,0.0037565276,0.0007146332,0.265908945411004,"Higher feature value tends to increase predicted y, indicating higher toxicity / lower LD50"
RDKit2D_SlogP_VSA3,RDKit2D,0.0035876203,-0.00029363847,-0.23853449971061444,"Higher feature value tends to decrease predicted y, indicating lower toxicity / higher LD50"
RDKit2D_PEOE_VSA10,RDKit2D,0.003585271,0.0010927817,0.44175730001643143,"Higher feature value tends to increase predicted y, indicating higher toxicity / lower LD50"
RDKit2D_MolWt,RDKit2D,0.003340422,-0.00064874685,0.3196407979151826,"Higher feature value tends to increase predicted y, indicating higher toxicity / lower LD50"
RDKit2D_fr_quatN,RDKit2D,0.0033092464,-0.00024177843,0.29973347222660846,"Higher feature value tends to increase predicted y, indicating higher toxicity / lower LD50"
RDKit2D_SlogP_VSA10,RDKit2D,0.0032319562,0.0012255874,-0.673407013850201,"Higher feature value tends to decrease predicted y, indicating lower toxicity / higher LD50"
RDKit2D_ExactMolWt,RDKit2D,0.0031325151,-0.0004114458,0.3028124819023889,"Higher feature value tends to increase predicted y, indicating higher toxicity / lower LD50"
RDKit2D_EState_VSA7,RDKit2D,0.0030709007,0.00025634863,0.351539037506438,"Higher feature value tends to increase predicted y, indicating higher toxicity / lower LD50"
RDKit2D_NumHAcceptors,RDKit2D,0.0029566137,-0.00027410267,0.6465320558791662,"Higher feature value tends to increase predicted y, indicating higher toxicity / lower LD50"
RDKit2D_EState_VSA1,RDKit2D,0.002956442,0.0007395507,0.3996769916751124,"Higher feature value tends to increase predicted y, indicating higher toxicity / lower LD50"
RDKit2D_VSA_EState6,RDKit2D,0.0029370433,0.0005941027,0.1783029799424158,"Higher feature value tends to increase predicted y, indicating higher toxicity / lower LD50"
RDKit2D_fr_Ar_N,RDKit2D,0.0029010712,0.0005096261,-0.689381601215827,"Higher feature value tends to decrease predicted y, indicating lower toxicity / higher LD50"
RDKit2D_Chi1v,RDKit2D,0.002848893,0.0014498407,-0.09691180112167797,"Higher feature value tends to decrease predicted y, indicating lower toxicity / higher LD50"
RDKit2D_SlogP_VSA4,RDKit2D,0.002806276,-9.8780265e-06,0.47114437402324794,"Higher feature value tends to increase predicted y, indicating higher toxicity / lower LD50"
RDKit2D_Chi0v,RDKit2D,0.0027943598,-0.00088452845,0.22740646324311273,"Higher feature value tends to increase predicted y, indicating higher toxicity / lower LD50"
RDKit2D_PEOE_VSA12,RDKit2D,0.0027836207,0.00022469448,-0.5159178902784106,"Higher feature value tends to decrease predicted y, indicating lower toxicity / higher LD50"
RDKit2D_fr_NH0,RDKit2D,0.0026383915,-0.00096007413,0.6625910326185775,"Higher feature value tends to increase predicted y, indicating higher toxicity / lower LD50"
RDKit2D_Chi0n,RDKit2D,0.0026365116,0.00018646999,-0.1739566025152702,"Higher feature value tends to decrease predicted y, indicating lower toxicity / higher LD50"
RDKit2D_NumHeteroatoms,RDKit2D,0.0026217923,-0.0005314841,-0.06336276879879714,"Higher feature value tends to decrease predicted y, indicating lower toxicity / higher LD50"
RDKit2D_PEOE_VSA14,RDKit2D,0.00257756,0.00055300683,0.4283484437945413,"Higher feature value tends to increase predicted y, indicating higher toxicity / lower LD50"
RDKit2D_fr_amidine,RDKit2D,0.0025740957,-0.0017357374,0.14934359248535256,"Higher feature value tends to increase predicted y, indicating higher toxicity / lower LD50"
RDKit2D_fr_ether,RDKit2D,0.002563435,-0.00083174027,-0.852432450612016,"Higher feature value tends to decrease predicted y, indicating lower toxicity / higher LD50"
RDKit2D_fr_C_O_noCOO,RDKit2D,0.002558144,-0.00022021697,-0.7810015803113786,"Higher feature value tends to decrease predicted y, indicating lower toxicity / higher LD50"
RDKit2D_Chi0,RDKit2D,0.0024528399,0.00081426295,-0.369401477185665,"Higher feature value tends to decrease predicted y, indicating lower toxicity / higher LD50"
RDKit2D_fr_halogen,RDKit2D,0.0024082111,-0.00017870934,0.5935118887112758,"Higher feature value tends to increase predicted y, indicating higher toxicity / lower LD50"
RDKit2D_fr_COO,RDKit2D,0.0023901502,0.00088413636,0.5920504715412108,"Higher feature value tends to increase predicted y, indicating higher toxicity / lower LD50"
RDKit2D_SlogP_VSA12,RDKit2D,0.0023525027,-0.0006555926,0.4472078841683757,"Higher feature value tends to increase predicted y, indicating higher toxicity / lower LD50"
RDKit2D_fr_ketone,RDKit2D,0.0023058315,0.0009289729,0.5206544400075671,"Higher feature value tends to increase predicted y, indicating higher toxicity / lower LD50"
RDKit2D_EState_VSA9,RDKit2D,0.0022702906,0.00031056648,0.35306902575906607,"Higher feature value tends to increase predicted y, indicating higher toxicity / lower LD50"
RDKit2D_PEOE_VSA3,RDKit2D,0.002116318,0.00015793914,-0.18843154040567148,"Higher feature value tends to decrease predicted y, indicating lower toxicity / higher LD50"
RDKit2D_fr_amide,RDKit2D,0.002090816,0.00033753578,-0.7032892123026339,"Higher feature value tends to decrease predicted y, indicating lower toxicity / higher LD50"
RDKit2D_Ipc,RDKit2D,0.0020575973,0.00072091364,-0.033904324130858005,"Higher feature value tends to decrease predicted y, indicating lower toxicity / higher LD50"
RDKit2D_fr_epoxide,RDKit2D,0.0020142135,0.0011656585,0.32490990046430634,"Higher feature value tends to increase predicted y, indicating higher toxicity / lower LD50"
RDKit2D_SMR_VSA9,RDKit2D,0.0018613248,4.370055e-06,0.5358543792063767,"Higher feature value tends to increase predicted y, indicating higher toxicity / lower LD50"
RDKit2D_fr_lactam,RDKit2D,0.0017897205,-0.00090702844,-0.20381960867369905,"Higher feature value tends to decrease predicted y, indicating lower toxicity / higher LD50"
RDKit2D_NumSpiroAtoms,RDKit2D,0.0017512621,-1.305709e-05,0.4761024437615696,"Higher feature value tends to increase predicted y, indicating higher toxicity / lower LD50"
RDKit2D_fr_Al_OH,RDKit2D,0.0016558322,-0.00088143203,-0.7657488769156425,"Higher feature value tends to decrease predicted y, indicating lower toxicity / higher LD50"
RDKit2D_NumAromaticRings,RDKit2D,0.0016233118,0.001160852,-0.7776744609318517,"Higher feature value tends to decrease predicted y, indicating lower toxicity / higher LD50"
RDKit2D_fr_Al_OH_noTert,RDKit2D,0.0015908704,-0.0009290547,-0.6289645935753019,"Higher feature value tends to decrease predicted y, indicating lower toxicity / higher LD50"
RDKit2D_NumSaturatedCarbocycles,RDKit2D,0.0015143125,-0.0006652758,-0.6863788063040116,"Higher feature value tends to decrease predicted y, indicating lower toxicity / higher LD50"
RDKit2D_NumValenceElectrons,RDKit2D,0.0015112746,0.00068050425,-0.4029695605218499,"Higher feature value tends to decrease predicted y, indicating lower toxicity / higher LD50"
RDKit2D_VSA_EState10,RDKit2D,0.001486378,4.737471e-06,-0.013956459175440594,"Higher feature value tends to decrease predicted y, indicating lower toxicity / higher LD50"
RDKit2D_Chi1,RDKit2D,0.0014732885,0.00011949446,-0.18245837734870152,"Higher feature value tends to decrease predicted y, indicating lower toxicity / higher LD50"
RDKit2D_NumHDonors,RDKit2D,0.0014429868,0.00024844578,0.44581132756159897,"Higher feature value tends to increase predicted y, indicating higher toxicity / lower LD50"
RDKit2D_PEOE_VSA13,RDKit2D,0.0014397445,0.000111273,-0.43802155385204367,"Higher feature value tends to decrease predicted y, indicating lower toxicity / higher LD50"
RDKit2D_NOCount,RDKit2D,0.0013545553,0.00021664354,-0.5542249734465575,"Higher feature value tends to decrease predicted y, indicating lower toxicity / higher LD50"
RDKit2D_fr_Ndealkylation2,RDKit2D,0.0013136738,-0.00056616496,0.3421437410634325,"Higher feature value tends to increase predicted y, indicating higher toxicity / lower LD50"
RDKit2D_fr_Ndealkylation1,RDKit2D,0.0012780508,-6.0935676e-05,0.5737596205884077,"Higher feature value tends to increase predicted y, indicating higher toxicity / lower LD50"
RDKit2D_SlogP_VSA8,RDKit2D,0.0011891447,0.00016387724,0.4488501665273982,"Higher feature value tends to increase predicted y, indicating higher toxicity / lower LD50"
RDKit2D_MaxEStateIndex,RDKit2D,0.001180653,0.00033688077,-0.3348610774685064,"Higher feature value tends to decrease predicted y, indicating lower toxicity / higher LD50"
RDKit2D_NumSaturatedRings,RDKit2D,0.0011500367,0.00018708289,0.3790092948377141,"Higher feature value tends to increase predicted y, indicating higher toxicity / lower LD50"
RDKit2D_fr_priamide,RDKit2D,0.0011390024,0.0001249721,-0.335394026382961,"Higher feature value tends to decrease predicted y, indicating lower toxicity / higher LD50"
RDKit2D_RingCount,RDKit2D,0.0010780472,-0.0001212605,0.08538157352971756,"Higher feature value tends to increase predicted y, indicating higher toxicity / lower LD50"
RDKit2D_fr_sulfide,RDKit2D,0.0009845614,0.00021293056,-0.39137764631994737,"Higher feature value tends to decrease predicted y, indicating lower toxicity / higher LD50"
RDKit2D_fr_Ar_NH,RDKit2D,0.0009624956,-8.991254e-05,-0.3081597058759767,"Higher feature value tends to decrease predicted y, indicating lower toxicity / higher LD50"
RDKit2D_fr_Al_COO,RDKit2D,0.00094401924,0.00044125164,0.22978080510606375,"Higher feature value tends to increase predicted y, indicating higher toxicity / lower LD50"
RDKit2D_NumAromaticHeterocycles,RDKit2D,0.0009087073,0.00025523384,-0.6605707715442365,"Higher feature value tends to decrease predicted y, indicating lower toxicity / higher LD50"
RDKit2D_NumUnspecifiedAtomStereoCenters,RDKit2D,0.00088029087,-0.000723407,0.22717092143562811,"Higher feature value tends to increase predicted y, indicating higher toxicity / lower LD50"
RDKit2D_HeavyAtomCount,RDKit2D,0.00083378557,-0.00015891597,-0.10117527925559,"Higher feature value tends to decrease predicted y, indicating lower toxicity / higher LD50"
RDKit2D_fr_guanido,RDKit2D,0.00081357465,0.00025214176,0.22294845067322847,"Higher feature value tends to increase predicted y, indicating higher toxicity / lower LD50"
RDKit2D_PEOE_VSA4,RDKit2D,0.0008093982,7.278011e-06,-0.1774517662315323,"Higher feature value tends to decrease predicted y, indicating lower toxicity / higher LD50"
RDKit2D_fr_urea,RDKit2D,0.0008050003,0.00028776837,-0.21757396315214086,"Higher feature value tends to decrease predicted y, indicating lower toxicity / higher LD50"
RDKit2D_fr_aniline,RDKit2D,0.00078706275,0.0001573537,-0.4282136294459598,"Higher feature value tends to decrease predicted y, indicating lower toxicity / higher LD50"
RDKit2D_fr_ketone_Topliss,RDKit2D,0.0007857647,0.00037495245,0.4591520906229939,"Higher feature value tends to increase predicted y, indicating higher toxicity / lower LD50"
RDKit2D_NumAliphaticCarbocycles,RDKit2D,0.000760185,0.00015376603,0.1316341450914223,"Higher feature value tends to increase predicted y, indicating higher toxicity / lower LD50"
RDKit2D_fr_ester,RDKit2D,0.0007290862,-0.00013585888,-0.4801632818584308,"Higher feature value tends to decrease predicted y, indicating lower toxicity / higher LD50"
RDKit2D_fr_furan,RDKit2D,0.0006901336,-4.69943e-05,0.1908882897889484,"Higher feature value tends to increase predicted y, indicating higher toxicity / lower LD50"
RDKit2D_fr_para_hydroxylation,RDKit2D,0.0006466452,0.0002960353,-0.1532534689688017,"Higher feature value tends to decrease predicted y, indicating lower toxicity / higher LD50"
RDKit2D_fr_NH1,RDKit2D,0.00063219154,9.8058335e-05,0.28770565046030494,"Higher feature value tends to increase predicted y, indicating higher toxicity / lower LD50"
RDKit2D_fr_pyridine,RDKit2D,0.0005698304,-0.00012546485,0.2620784690916848,"Higher feature value tends to increase predicted y, indicating higher toxicity / lower LD50"
RDKit2D_fr_unbrch_alkane,RDKit2D,0.00053256535,-0.00021986556,-0.00416362606881681,"Higher feature value tends to decrease predicted y, indicating lower toxicity / higher LD50"
RDKit2D_fr_piperdine,RDKit2D,0.00048480325,4.4580218e-05,0.4272800824555065,"Higher feature value tends to increase predicted y, indicating higher toxicity / lower LD50"
RDKit2D_fr_nitro_arom_nonortho,RDKit2D,0.00046102493,0.0001490979,0.12945758848186642,"Higher feature value tends to increase predicted y, indicating higher toxicity / lower LD50"
RDKit2D_fr_phenol,RDKit2D,0.0004391986,0.00016606195,0.5417087630928122,"Higher feature value tends to increase predicted y, indicating higher toxicity / lower LD50"
RDKit2D_fr_imidazole,RDKit2D,0.0004220352,0.0001143103,0.2846944350507661,"Higher feature value tends to increase predicted y, indicating higher toxicity / lower LD50"
RDKit2D_fr_C_S,RDKit2D,0.00040695365,7.0963615e-05,-0.10015179905095886,"Higher feature value tends to decrease predicted y, indicating lower toxicity / higher LD50"
RDKit2D_fr_ArN,RDKit2D,0.0003990526,8.108392e-05,-0.2818034547666786,"Higher feature value tends to decrease predicted y, indicating lower toxicity / higher LD50"
RDKit2D_fr_thiocyan,RDKit2D,0.0003966587,-0.000102525606,0.052975106293635325,"Higher feature value tends to increase predicted y, indicating higher toxicity / lower LD50"
RDKit2D_SlogP_VSA11,RDKit2D,0.0003882121,-0.00010262082,-0.20859813249958273,"Higher feature value tends to decrease predicted y, indicating lower toxicity / higher LD50"
RDKit2D_fr_COO2,RDKit2D,0.0003170721,3.7006987e-05,0.3475437700188425,"Higher feature value tends to increase predicted y, indicating higher toxicity / lower LD50"
RDKit2D_NumAromaticCarbocycles,RDKit2D,0.00028087353,5.0429688e-05,0.32629191304750405,"Higher feature value tends to increase predicted y, indicating higher toxicity / lower LD50"
RDKit2D_fr_nitroso,RDKit2D,0.0002724829,0.000108287684,0.15832841845478085,"Higher feature value tends to increase predicted y, indicating higher toxicity / lower LD50"
RDKit2D_fr_methoxy,RDKit2D,0.00025340627,4.310978e-05,-0.3003632887390159,"Higher feature value tends to decrease predicted y, indicating lower toxicity / higher LD50"
RDKit2D_SlogP_VSA7,RDKit2D,0.0002529961,1.22632155e-05,-0.05429914306606332,"Higher feature value tends to decrease predicted y, indicating lower toxicity / higher LD50"
RDKit2D_fr_aryl_methyl,RDKit2D,0.00025229919,-2.2033873e-05,-0.05495575677356525,"Higher feature value tends to decrease predicted y, indicating lower toxicity / higher LD50"
RDKit2D_fr_Imine,RDKit2D,0.00024980115,-5.907979e-05,0.31252562374343584,"Higher feature value tends to increase predicted y, indicating higher toxicity / lower LD50"
RDKit2D_fr_hdrzine,RDKit2D,0.00024777517,8.1003476e-05,-0.21677541849817383,"Higher feature value tends to decrease predicted y, indicating lower toxicity / higher LD50"
RDKit2D_fr_benzene,RDKit2D,0.00024635345,7.7400015e-05,-0.5620477405285436,"Higher feature value tends to decrease predicted y, indicating lower toxicity / higher LD50"
RDKit2D_fr_piperzine,RDKit2D,0.00023098894,6.630737e-05,0.14569216079887168,"Higher feature value tends to increase predicted y, indicating higher toxicity / lower LD50"
RDKit2D_fr_Ar_OH,RDKit2D,0.00020767066,2.3546331e-06,0.013878351619663767,"Higher feature value tends to increase predicted y, indicating higher toxicity / lower LD50"
RDKit2D_fr_N_O,RDKit2D,0.00019959931,-6.94275e-05,-0.16681575835976883,"Higher feature value tends to decrease predicted y, indicating lower toxicity / higher LD50"
RDKit2D_fr_nitrile,RDKit2D,0.00019355158,-5.958246e-05,0.1619257793084815,"Higher feature value tends to increase predicted y, indicating higher toxicity / lower LD50"
RDKit2D_fr_SH,RDKit2D,0.00017632845,-6.951946e-05,-0.030656878520019703,"Higher feature value tends to decrease predicted y, indicating lower toxicity / higher LD50"
RDKit2D_fr_aldehyde,RDKit2D,0.00017323327,-0.000113877984,-0.2767485241010184,"Higher feature value tends to decrease predicted y, indicating lower toxicity / higher LD50"
RDKit2D_fr_phenol_noOrthoHbond,RDKit2D,0.00015419812,4.809861e-05,0.24654107297228225,"Higher feature value tends to increase predicted y, indicating higher toxicity / lower LD50"
RDKit2D_fr_Ar_COO,RDKit2D,0.00015304335,-3.625838e-06,0.18256042062247388,"Higher feature value tends to increase predicted y, indicating higher toxicity / lower LD50"
RDKit2D_fr_Nhpyrrole,RDKit2D,0.00015255508,-8.955376e-06,-0.25350257227330947,"Higher feature value tends to decrease predicted y, indicating lower toxicity / higher LD50"
RDKit2D_fr_phos_acid,RDKit2D,0.00014260775,3.9626495e-05,0.07904582462606527,"Higher feature value tends to increase predicted y, indicating higher toxicity / lower LD50"
RDKit2D_fr_imide,RDKit2D,0.00013985937,4.504615e-05,-0.2237456218654211,"Higher feature value tends to decrease predicted y, indicating lower toxicity / higher LD50"
RDKit2D_fr_lactone,RDKit2D,0.00013479419,8.105118e-05,0.40058750812027005,"Higher feature value tends to increase predicted y, indicating higher toxicity / lower LD50"
RDKit2D_fr_benzodiazepine,RDKit2D,0.00012551738,-6.224507e-05,-0.13976432883224432,"Higher feature value tends to decrease predicted y, indicating lower toxicity / higher LD50"
RDKit2D_fr_oxime,RDKit2D,0.000118676784,-2.9839519e-05,-0.2291060903711193,"Higher feature value tends to decrease predicted y, indicating lower toxicity / higher LD50"
RDKit2D_fr_phos_ester,RDKit2D,0.000111126516,7.192624e-05,-0.13053350253481838,"Higher feature value tends to decrease predicted y, indicating lower toxicity / higher LD50"
RDKit2D_EState_VSA11,RDKit2D,0.000102410035,-2.4068952e-06,-0.08371349104406901,"Higher feature value tends to decrease predicted y, indicating lower toxicity / higher LD50"
RDKit2D_fr_sulfone,RDKit2D,0.00010074012,7.092792e-05,0.02011679131984967,"Higher feature value tends to increase predicted y, indicating higher toxicity / lower LD50"
RDKit2D_fr_sulfonamd,RDKit2D,0.00010061826,-3.8004622e-05,-0.14145981362294477,"Higher feature value tends to decrease predicted y, indicating lower toxicity / higher LD50"
RDKit2D_fr_prisulfonamd,RDKit2D,9.200298e-05,7.561859e-05,0.18256010227114167,"Higher feature value tends to increase predicted y, indicating higher toxicity / lower LD50"
RDKit2D_fr_nitro_arom,RDKit2D,8.318632e-05,-4.730575e-05,0.14934392301903432,"Higher feature value tends to increase predicted y, indicating higher toxicity / lower LD50"
RDKit2D_fr_nitro,RDKit2D,7.700404e-05,-6.087677e-05,0.140632504708766,"Higher feature value tends to increase predicted y, indicating higher toxicity / lower LD50"
RDKit2D_fr_morpholine,RDKit2D,6.6281784e-05,4.543585e-05,0.020794342563433967,"Higher feature value tends to increase predicted y, indicating higher toxicity / lower LD50"
RDKit2D_fr_hdrzone,RDKit2D,6.21744e-05,3.691674e-05,-0.18469276313322627,"Higher feature value tends to decrease predicted y, indicating lower toxicity / higher LD50"
RDKit2D_fr_term_acetylene,RDKit2D,4.7097004e-05,-3.51205e-05,0.07094021810561618,"Higher feature value tends to increase predicted y, indicating higher toxicity / lower LD50"
RDKit2D_fr_thiazole,RDKit2D,4.5804936e-05,-4.616791e-06,0.18256139278145592,"Higher feature value tends to increase predicted y, indicating higher toxicity / lower LD50"
RDKit2D_fr_dihydropyridine,RDKit2D,3.9982417e-05,2.715155e-05,-0.02409164539178409,"Higher feature value tends to decrease predicted y, indicating lower toxicity / higher LD50"
RDKit2D_fr_HOCCN,RDKit2D,3.78099e-05,-1.8576142e-05,0.08577682630640507,"Higher feature value tends to increase predicted y, indicating higher toxicity / lower LD50"
RDKit2D_fr_alkyl_carbamate,RDKit2D,2.7164711e-05,8.899377e-06,-0.0916695415487539,"Higher feature value tends to decrease predicted y, indicating lower toxicity / higher LD50"
RDKit2D_fr_thiophene,RDKit2D,2.4911144e-05,-1.2510477e-05,0.1397643326183877,"Higher feature value tends to increase predicted y, indicating higher toxicity / lower LD50"
RDKit2D_fr_oxazole,RDKit2D,1.5499421e-05,8.0595755e-06,0.0,No clear monotonic direction
RDKit2D_fr_tetrazole,RDKit2D,1.1679846e-05,6.330741e-06,-0.0530137952816317,"Higher feature value tends to decrease predicted y, indicating lower toxicity / higher LD50"
RDKit2D_fr_isothiocyan,RDKit2D,1.1478327e-05,-1.1478327e-05,,No clear monotonic direction
RDKit2D_fr_barbitur,RDKit2D,9.291441e-06,3.4387676e-06,0.030556516182363387,"Higher feature value tends to increase predicted y, indicating higher toxicity / lower LD50"
RDKit2D_fr_azo,RDKit2D,2.9764572e-06,-1.6217589e-06,-0.08650390804247232,"Higher feature value tends to decrease predicted y, indicating lower toxicity / higher LD50"
RDKit2D_fr_isocyan,RDKit2D,0.0,0.0,,No clear monotonic direction
RDKit2D_fr_diazo,RDKit2D,0.0,0.0,,No clear monotonic direction
RDKit2D_fr_azide,RDKit2D,0.0,0.0,,No clear monotonic direction
