Canonical SMILES,Toxicity Value,ld50_mgkg,molecular_weight,y,source_type,source_set,has_toxric,has_pubchem,n_raw_records,ld50_min_mgkg_raw,ld50_max_mgkg_raw,ld50_mean_mgkg_raw,ld50_median_mgkg_raw,raw_row_ids,n_fragments_original_max,heavy_atoms,element_set,remove_reason
C=CCC(=C)/C=C/[C@@](C)(O)[C@H]1O[C@@H]2C[C@@H]3O[C@@H]4C[C@@H]5O[C@@H]6C[C@@H]7O[C@@H]8C[C@@H]9O[C@@H]%10C[C@@H]%11O[C@](C)(CCOS(=O)(=O)O)[C@@H](OS(=O)(=O)O)C[C@H]%11O[C@H]%10C[C@H]9O[C@H]8CC[C@@]7(C)O[C@@]6(C)CC[C@H](C)[C@H]5O[C@H]4[C@@H](O)[C@@]3(C)O[C@H]2CC1=C,0.286,0.286,1143.3740000000003,6.601822279128332,PubChem_only,PubChem,False,True,1,0.286,0.286,0.286,0.286,40259,1,78,"C,O,S",pubchem_only_ld50_below_0.5_mgkg
CC(=O)C1=CCCC2CC[C@@H]1N2,0.386,0.386,165.236,5.631517368446191,PubChem_only,PubChem,False,True,1,0.386,0.386,0.386,0.386,39257,2,12,"C,N,O",pubchem_only_ld50_below_0.5_mgkg
CC(=O)O[C@H]1C[C@@H]2CC[C@@H]3[C@H](CC[C@@]4(C)[C@H]3C[C@H]([N+]3(C)CCCCC3)[C@@H]4OC(C)=O)[C@@]2(C)C[C@@H]1N1CCCCC1,0.142,0.142,557.8400000000003,6.594221307813806,PubChem_only,PubChem,False,True,1,0.142,0.142,0.142,0.142,38263,2,40,"C,N,O",pubchem_only_ld50_below_0.5_mgkg
CC(=O)O[C@H]1C[C@@H]2CC[C@@H]3[C@H](CC[C@@]4(C)[C@H]3C[C@H]([N+]3(C)CCCCC3)[C@@H]4OC(C)=O)[C@@]2(C)C[C@@H]1[N+]1(C)CCCCC1,0.12,0.12,572.8750000000001,6.678878624205218,PubChem_only,PubChem,False,True,1,0.12,0.12,0.12,0.12,38009,3,41,"C,N,O",pubchem_only_ld50_below_0.5_mgkg
CC(C)[C@@H]1NC(=O)[C@H](C)OC(=O)[C@@H](C(C)C)NC(=O)[C@@H](C(C)C)OC(=O)[C@H](C(C)C)NC(=O)[C@H](C)OC(=O)[C@@H](C(C)C)NC(=O)[C@@H](C(C)C)OC(=O)[C@H](C(C)C)NC(=O)[C@H](C)OC(=O)[C@@H](C(C)C)NC(=O)[C@@H](C(C)C)OC1=O,0.39,0.39,1111.3379999999997,6.454781557414085,PubChem_only,PubChem,False,True,1,0.39,0.39,0.39,0.39,39853,1,78,"C,N,O",pubchem_only_ld50_below_0.5_mgkg
CCCCCC[C@@H](O)[C@@H]1C2=C(C[C@H]([C@H](O)[C@@H]3CC=CC(=O)O3)CC3=C(C(=O)OC3=O)[C@@H]1O)C(=O)OC2=O,0.27,0.27,518.5150000000003,6.283397560351995,PubChem_only,PubChem,False,True,1,0.27,0.27,0.27,0.27,40364,1,37,"C,O",pubchem_only_ld50_below_0.5_mgkg
CC[C@@H](C)C(=O)O[C@H]1[C@H](O)[C@H]2[C@@H](CN3C[C@@H](C)CC[C@H]3[C@@]2(C)O)[C@@H]2C[C@]34O[C@]5(O)[C@@H](OC(=O)[C@@](C)(O)CC)CC[C@@]3(C)[C@@H]5[C@@H](OC(C)=O)[C@@H](OC(C)=O)[C@H]4[C@@]21O,0.2,0.2,793.9480000000001,6.598762063371938,PubChem_only,PubChem,False,True,1,0.2,0.2,0.2,0.2,36757,1,56,"C,N,O",pubchem_only_ld50_below_0.5_mgkg
CC[C@@H]1NC(=O)[C@@H]2[C@H](Cl)[C@H](Cl)CN2C(=O)[C@H](CO)NC(=O)C[C@H](c2ccccc2)NC(=O)[C@H](CO)NC1=O,0.33,0.33,572.4460000000003,6.2392205851809885,PubChem_only,PubChem,False,True,1,0.33,0.33,0.33,0.33,40524,1,38,"C,Cl,N,O",pubchem_only_ld50_below_0.5_mgkg
CC[C@H](C)[C@@H]1NC(=O)CNC(=O)[C@@H]2Cc3c([nH]c4cc(O)ccc34)[S@](=O)C[C@H](NC(=O)CNC1=O)C(=O)N[C@@H](CC(=O)O)C(=O)N1C[C@H](O)C[C@H]1C(=O)N[C@@H]([C@@H](C)[C@@H](O)CO)C(=O)N2,0.4,0.4,919.9680000000001,6.361712729859853,PubChem_only,PubChem,False,True,1,0.4,0.4,0.4,0.4,40540,1,64,"C,N,O,S",pubchem_only_ld50_below_0.5_mgkg
CC[C@H](C)[C@@H]1NC(=O)CNC(=O)[C@@H]2Cc3c([nH]c4cc(O)ccc34)[S@](=O)C[C@H](NC(=O)CNC1=O)C(=O)N[C@@H](CC(N)=O)C(=O)N1C[C@H](O)C[C@H]1C(=O)N[C@@H]([C@@H](C)[C@@H](O)CO)C(=O)N2,0.1,0.1,918.9839999999999,6.963307950154119,PubChem_only,PubChem,False,True,1,0.1,0.1,0.1,0.1,40289,1,64,"C,N,O,S",pubchem_only_ld50_below_0.5_mgkg
CC[C@H](C)[C@@H]1NC(=O)CNC(=O)[C@@H]2Cc3c([nH]c4cc(O)ccc34)[S@](=O)C[C@H](NC(=O)CNC1=O)C(=O)N[C@@H](CC(N)=O)C(=O)N1C[C@H](O)C[C@H]1C(=O)N[C@@H]([C@@H](C)[C@H](C)O)C(=O)N2,0.2,0.2,902.9849999999999,6.654650540395553,PubChem_only,PubChem,False,True,1,0.2,0.2,0.2,0.2,40549,1,63,"C,N,O,S",pubchem_only_ld50_below_0.5_mgkg
COC(=O)[C@]1(C)Nc2c(O)cc3c(c2C1=O)[C@H](CCl)CN3C(=O)c1cc2cc(OC)c(OC)c(OC)c2[nH]1,0.4,0.4,543.9600000000003,6.13350697377835,PubChem_only,PubChem,False,True,1,0.4,0.4,0.4,0.4,39270,1,38,"C,Cl,N,O",pubchem_only_ld50_below_0.5_mgkg
COC[C@]12CN(C)[C@@H]3[C@@H]4[C@H](OC)[C@H]1[C@@]3([C@@H](OC)C[C@H]2O)[C@@H]1C[C@@]2(O)[C@H](OC(=O)c3ccccc3)[C@@H]1[C@]4(OC(C)=O)[C@@H](O)[C@@H]2OC,0.213,0.213,631.7190000000003,6.472144335781204,PubChem_only,PubChem,False,True,1,0.213,0.213,0.213,0.213,40435,1,45,"C,N,O",pubchem_only_ld50_below_0.5_mgkg
COc1cc2c3cc1Oc1cc(ccc1O)C[C@@H]1c4c(cc(OC)c(O)c4Oc4ccc(cc4)C[C@@H]3N(C)CC2)CC[N+]1(C)C,0.42,0.42,609.7429999999999,6.161897532808739,PubChem_only,PubChem,False,True,3,0.41,0.421,0.417,0.42,36093;37830;40412,8,45,"C,N,O",pubchem_only_ld50_below_0.5_mgkg
COc1cc2cc(c1Cl)N(C)C(=O)C[C@H](OC(=O)[C@H](C)N(C)C(C)=O)[C@]1(C)O[C@H]1[C@H](C)[C@@H]1C[C@@](O)(NC(=O)O1)[C@H](OC)/C=C/C=C(\C)C2,0.245,0.245,692.2060000000002,6.451069275048356,PubChem_only,PubChem,False,True,1,0.245,0.245,0.245,0.245,40021,1,48,"C,Cl,N,O",pubchem_only_ld50_below_0.5_mgkg
CSC1SC[C@H]2C(=O)N(C)[C@@H](C(C)C)C(=O)OC[C@@H](NC(=O)c3cnc4ccccc4n3)C(=O)N[C@@H](C)C(=O)N(C)[C@@H]1C(=O)N(C)[C@@H](C(C)C)C(=O)OC[C@@H](NC(=O)c1cnc3ccccc3n1)C(=O)N[C@@H](C)C(=O)N2C,0.28,0.28,1101.2789999999995,6.594739326512979,PubChem_only,PubChem,False,True,1,0.28,0.28,0.28,0.28,40276,1,77,"C,N,O,S",pubchem_only_ld50_below_0.5_mgkg
[N-]=[N+]=NCc1ccccc1,0.12,0.12,133.15399999999997,6.045172971305139,PubChem_only,PubChem,False,True,1,0.12,0.12,0.12,0.12,37164,1,10,"C,N",pubchem_only_ld50_below_0.5_mgkg
C#C[C@]1(O)CC[C@H]2[C@@H]3CCC4=CC(=O)CC[C@@H]4[C@H]3CC[C@@]21CC,7300.0,7300.0,312.4530000000001,1.6314618387571622,PubChem_only,PubChem,False,True,1,7300.0,7300.0,7300.0,7300.0,37274,1,23,"C,O",pubchem_only_ld50_above_5000.0_mgkg
C#C[C@]1(O)CC[C@H]2[C@@H]3CCC4=Cc5oncc5C[C@]4(C)[C@H]3CC[C@@]21C,6770.0,6770.0,337.46300000000014,1.6976374943286896,PubChem_only,PubChem,False,True,1,6770.0,6770.0,6770.0,6770.0,38044,1,25,"C,N,O",pubchem_only_ld50_above_5000.0_mgkg
C/C=C/C=C/C(=O)OCC,5600.0,5600.0,140.182,1.398504224837413,PubChem_only,PubChem,False,True,1,5600.0,5600.0,5600.0,5600.0,39813,1,10,"C,O",pubchem_only_ld50_above_5000.0_mgkg
C=C1CCCC(C)(C)[C@@H]1CC/C(C)=C/CC[C@@H]1[C@@]2(C)CCCC(C)(C)[C@@H]2CC[C@@]1(C)O,7500.0,7500.0,428.7450000000003,1.7571378049709143,PubChem_only,PubChem,False,True,1,7500.0,7500.0,7500.0,7500.0,40371,1,31,"C,O",pubchem_only_ld50_above_5000.0_mgkg
CC(=O)N[C@@H]1[C@@H](O[C@@H]2O[C@H](C(=O)O)[C@@H](O)[C@H](O)[C@H]2O)[C@@H](O)[C@@H](OS(=O)(=O)O)O[C@H]1O,9800.0,9800.0,463.3700000000001,1.674701837110164,PubChem_only,PubChem,False,True,1,9800.0,9800.0,9800.0,9800.0,37908,1,30,"C,N,O,S",pubchem_only_ld50_above_5000.0_mgkg
CC(=O)OCC1=C(C(=O)O)N2C(=O)[C@@H](NC(=O)CSc3ccncc3)[C@H]2SC1,8899.0,8899.0,423.4720000000001,1.67748349326222,PubChem_only,PubChem,False,True,1,8899.0,8899.0,8899.0,8899.0,38087,1,28,"C,N,O,S",pubchem_only_ld50_above_5000.0_mgkg
CC(C)(CO)[C@@H](O)C(=O)NCCCO,9000.0,9000.0,205.25399999999996,1.3580491199867475,PubChem_only,PubChem,False,True,1,9000.0,9000.0,9000.0,9000.0,39247,1,14,"C,N,O",pubchem_only_ld50_above_5000.0_mgkg
CC(C)(O)CC[C@@H](O)[C@](C)(O)[C@H]1CC[C@@]2(O)C3=CC(=O)[C@@H]4C[C@@H](O)[C@@H](O)C[C@]4(C)[C@H]3CC[C@]12C,6400.0,6400.0,480.64200000000034,1.8756417441512157,PubChem_only,PubChem,False,True,1,6400.0,6400.0,6400.0,6400.0,40151,1,34,"C,O",pubchem_only_ld50_above_5000.0_mgkg
CC(C)[C@@H]1CC[C@@H](C)C[C@H]1O,6600.0,6600.0,156.269,1.374328897472643,PubChem_only,PubChem,False,True,1,6600.0,6600.0,6600.0,6600.0,37540,1,11,"C,O",pubchem_only_ld50_above_5000.0_mgkg
CC1(C)S[C@@H]2[C@H](NC(=O)C(C(=O)O)c3ccccc3)C(=O)N2[C@H]1C(=O)O,7600.0,7600.0,378.4060000000001,1.6971444216705094,PubChem_only,PubChem,False,True,1,7600.0,7600.0,7600.0,7600.0,37746,3,26,"C,N,O,S",pubchem_only_ld50_above_5000.0_mgkg
CC1(C)S[C@@H]2[C@H](NC(=O)C(C(=O)O)c3ccsc3)C(=O)N2[C@H]1C(=O)O,7800.0,7800.0,384.4350000000001,1.6927283174478254,PubChem_only,PubChem,False,True,1,7800.0,7800.0,7800.0,7800.0,39744,3,25,"C,N,O,S",pubchem_only_ld50_above_5000.0_mgkg
CC[C@H](C)[C@H](NC(=O)[C@H](Cc1cnc[nH]1)NC(=O)[C@H](CCSC)NC(=O)[C@H](CS)NC(=O)[C@@H](NC(=O)CNC(=O)CNC(=O)[C@H](CC(N)=O)NC(=O)[C@H](CC(C)C)NC(=O)[C@H](CS)NC(=O)[C@H](Cc1ccc(O)cc1)NC(=O)CNC(=O)[C@H](CC(=O)O)NC(=O)[C@H](Cc1ccc(O)cc1)NC(=O)[C@H](CO)NC(=O)[C@H](CO)NC(=O)[C@@H]1CCCN1C(=O)[C@H](CS)NC(=O)CNC(=O)[C@@H]1CCCN1C(=O)[C@H](Cc1ccc(O)cc1)NC(=O)[C@H](CO)NC(=O)[C@@H](N)CC(N)=O)C(C)C)C(=O)N[C@@H](CCC(=O)O)C(=O)N[C@@H](CO)C(=O)N[C@@H](CC(C)C)C(=O)N[C@@H](CC(=O)O)C(=O)N[C@@H](CO)C(=O)N[C@@H](Cc1ccc(O)cc1)C(=O)N[C@H](C(=O)N[C@@H](CS)C(=O)N[C@@H](CC(N)=O)C(=O)N[C@@H](CS)C(=O)N[C@H](C(=O)N[C@H](C(=O)NCC(=O)N[C@@H](Cc1ccc(O)cc1)C(=O)N[C@@H](CO)C(=O)NCC(=O)N[C@@H](CC(=O)O)C(=O)N[C@@H](CCCNC(=N)N)C(=O)N[C@@H](CS)C(=O)N[C@@H](CCC(N)=O)C(=O)N[C@H](C(=O)N[C@@H](CCCNC(=N)N)C(=O)N[C@@H](CC(=O)O)C(=O)N[C@@H](CC(C)C)C(=O)N[C@@H](CCCNC(=N)N)C(=O)N[C@@H](Cc1c[nH]c2ccccc12)C(=O)N[C@@H](Cc1c[nH]c2ccccc12)C(=O)N[C@@H](CCC(=O)O)C(=O)N[C@@H](CC(C)C)C(=O)N[C@@H](CCCNC(=N)N)C(=O)O)[C@@H](C)O)[C@@H](C)CC)C(C)C)[C@@H](C)O,5080.0,5080.0,6045.771999999986,3.075588052620569,PubChem_only,PubChem,False,True,1,5080.0,5080.0,5080.0,5080.0,40523,1,420,"C,N,O,S",pubchem_only_ld50_above_5000.0_mgkg
CN(C)[C@@H]1C(=O)C(C(N)=O)=C(O)[C@@]2(O)C(=O)C3=C(O)c4c(O)cccc4[C@@](C)(O)[C@H]3[C@H](O)[C@@H]12,5706.0,5706.0,460.43900000000014,1.9068403347076273,PubChem_only,PubChem,False,True,1,5706.0,5706.0,5706.0,5706.0,40501,1,33,"C,N,O",pubchem_only_ld50_above_5000.0_mgkg
CNC(=O)C[C@@H](N)C(=O)N[C@@H](C(=O)N[C@@H]1C(=O)N2[C@@H]1SC(C)(C)[C@@H]2C(=O)O)c1ccc(O)cc1,8000.0,8000.0,493.54200000000026,1.7902341296734854,PubChem_only,PubChem,False,True,1,8000.0,8000.0,8000.0,8000.0,38722,1,34,"C,N,O,S",pubchem_only_ld50_above_5000.0_mgkg
COC1=C(C(=O)O)N2C(=O)[C@@H](NC(=O)[C@H](N)C3=CCC=CC3)[C@H]2SC1,7090.0,7090.0,365.4110000000001,1.7121353816358482,PubChem_only,PubChem,False,True,1,7090.0,7090.0,7090.0,7090.0,40064,1,25,"C,N,O,S",pubchem_only_ld50_above_5000.0_mgkg
CO[C@@]1(NC(=O)C(C(=O)O)c2ccc(O)cc2)C(=O)N2C(C(=O)O)=C(CSc3nnnn3C)CO[C@@H]21,8100.0,8100.0,520.4800000000004,1.807919027059129,PubChem_only,PubChem,False,True,1,8100.0,8100.0,8100.0,8100.0,39590,3,36,"C,N,O,S",pubchem_only_ld50_above_5000.0_mgkg
CO[C@@]1(NC(=O)C2SC(=C(C(N)=O)C(=O)O)S2)C(=O)N2C(C(=O)O)=C(CSc3nnnn3C)CS[C@@H]21,8120.0,8120.0,575.6320000000002,1.8505888995903268,PubChem_only,PubChem,False,True,1,8120.0,8120.0,8120.0,8120.0,40572,3,36,"C,N,O,S",pubchem_only_ld50_above_5000.0_mgkg
CSCC[C@H](NC(=O)[C@H](C)NC(=O)[C@H](C)NC(=O)[C@H](C)NC(=O)[C@H](CC(C)C)NC(=O)[C@H](CCC(=O)O)NC(=O)[C@H](CS)NC(=O)[C@H](CCCNC(=N)N)NC(=O)CNC(=O)[C@H](Cc1ccccc1)NC(=O)[C@@H](N)C(C)C)C(=O)N[C@@H](CCCCN)C(=O)N[C@@H](CCCNC(=N)N)C(=O)N[C@@H](Cc1cnc[nH]1)C(=O)NCC(=O)N[C@@H](CC(C)C)C(=O)N[C@@H](CC(=O)O)C(=O)N[C@@H](CC(N)=O)C(=O)N[C@@H](Cc1ccc(O)cc1)C(=O)N[C@@H](CCCNC(=N)N)C(=O)NCC(=O)N[C@@H](Cc1ccc(O)cc1)C(=O)N[C@@H](CO)C(=O)N[C@@H](CC(C)C)C(=O)NCC(=O)N[C@@H](CC(N)=O)C(=O)O,5800.0,5800.0,2899.320999999994,2.698868307618571,PubChem_only,PubChem,False,True,1,5800.0,5800.0,5800.0,5800.0,40551,1,203,"C,N,O,S",pubchem_only_ld50_above_5000.0_mgkg
C[N+](C)(C)CCOP(=O)([O-])OP(=O)(O)OC[C@H]1O[C@@H](n2ccc(N)nc2=O)[C@H](O)[C@@H]1O,5393.0,5393.0,488.32700000000017,1.9568803171576175,PubChem_only,PubChem,False,True,1,5393.0,5393.0,5393.0,5393.0,37333,1,31,"C,N,O,P",pubchem_only_ld50_above_5000.0_mgkg
C[N+](C)(C)NCCC(=O)[O-],7850.0,7850.0,146.19,1.2700480093557045,PubChem_only,PubChem,False,True,1,7850.0,7850.0,7850.0,7850.0,39240,1,10,"C,N,O",pubchem_only_ld50_above_5000.0_mgkg
NC(=O)NO,5800.0,5800.0,76.05499999999999,1.117699777107863,PubChem_only,PubChem,False,True,1,5800.0,5800.0,5800.0,5800.0,35686,1,5,"C,N,O",pubchem_only_ld50_above_5000.0_mgkg
NC(=O)OC[C@@H]1[C@H](NC(=O)/C(=N\OCC(=O)O)c2csc(N)n2)C(=O)N1S(=O)(=O)O,8870.0,8870.0,466.41000000000014,1.720844233450667,PubChem_only,PubChem,False,True,1,8870.0,8870.0,8870.0,8870.0,40302,3,30,"C,N,O,S",pubchem_only_ld50_above_5000.0_mgkg
NC(=O)c1cc[n+](CC2=C(C(=O)O)N3C(=O)[C@@H](NC(=O)[C@@H](c4ccccc4)S(=O)(=O)[O-])[C@H]3SC2)cc1,6350.0,6350.0,532.5560000000003,1.9235915567009638,PubChem_only,PubChem,False,True,1,6350.0,6350.0,6350.0,6350.0,39735,2,36,"C,N,O,S",pubchem_only_ld50_above_5000.0_mgkg
NCCC(=O)N[C@@H](Cc1cnc[nH]1)C(=O)O,9087.0,9087.0,226.23600000000002,1.3961411855225407,PubChem_only,PubChem,False,True,1,9087.0,9087.0,9087.0,9087.0,39573,1,16,"C,N,O",pubchem_only_ld50_above_5000.0_mgkg
NCCCC[C@H](N)C(=O)O,5100.0,5100.0,146.19,1.4573474900030208,PubChem_only,PubChem,False,True,1,5100.0,5100.0,5100.0,5100.0,39136,2,10,"C,N,O",pubchem_only_ld50_above_5000.0_mgkg
N[C@@H](C(=O)N[C@@H]1C(=O)N2C(C(=O)O)=C(CSc3cn[nH]n3)CS[C@H]12)c1ccc(O)cc1,6410.0,6410.0,462.5130000000001,1.8582659145809248,PubChem_only,PubChem,False,True,2,6410.0,6410.0,6410.0,6410.0,40216;40217,2,31,"C,N,O,S",pubchem_only_ld50_above_5000.0_mgkg
N[C@H](C(=O)O)[C@H](O)c1ccc(O)c(O)c1,10000.0,10000.0,213.189,1.3287647924626707,PubChem_only,PubChem,False,True,1,10000.0,10000.0,10000.0,10000.0,39020,1,15,"C,N,O",pubchem_only_ld50_above_5000.0_mgkg
O=C(Cc1cccs1)N[C@@H]1C(=O)N2C(C(=O)[O-])=C(C[n+]3ccccc3)CS[C@H]12,5355.0,5355.0,415.4960000000001,1.88980737199849,PubChem_only,PubChem,False,True,1,5355.0,5355.0,5355.0,5355.0,36011,1,28,"C,N,O,S",pubchem_only_ld50_above_5000.0_mgkg
O=C[C@H](O)[C@@H](O)[C@H](O)[C@H](S)CO,5500.0,5500.0,196.224,1.5523894350079996,PubChem_only,PubChem,False,True,1,5500.0,5500.0,5500.0,5500.0,38955,1,12,"C,O,S",pubchem_only_ld50_above_5000.0_mgkg
O=C[C@H](O)[C@H]1OC(=O)[C@@H](O)[C@H]1O,5797.0,5797.0,176.12400000000002,1.4826152399086578,PubChem_only,PubChem,False,True,1,5797.0,5797.0,5797.0,5797.0,39005,1,12,"C,O",pubchem_only_ld50_above_5000.0_mgkg
OCC(O)CO,8700.0,8700.0,92.09400000000001,1.024712083856477,PubChem_only,PubChem,False,True,1,8700.0,8700.0,8700.0,8700.0,35355,1,6,"C,O",pubchem_only_ld50_above_5000.0_mgkg
OC[C@@H](O)[C@@H](O)CO,7000.0,7000.0,122.11999999999999,1.2416887556123672,PubChem_only,PubChem,False,True,1,7000.0,7000.0,7000.0,7000.0,39535,1,8,"C,O",pubchem_only_ld50_above_5000.0_mgkg
